PIDN,Ca,P,pH,SOC,Sand
09gt9UK5,1.16424490297624e-10,0.00164257379558017,0.000287111330836977,1.41421443397373e-05,0.941960780214818
0BVvxJ6a,0.993111835082623,0.0034295785172148,0.999997693218764,0.337413074280977,3.50750324879811e-07
0KbdgApg,0.000711129481048581,0.0656007452006238,0.120837160079311,0.237767827812251,3.16026990645578e-05
0MnuuduB,4.41018948096269e-05,0.00118140350328893,0.0432614050424731,0.435310602408214,7.64169217081344e-06
0PcIsF9z,1.30843516820648e-11,7.60076859664532e-06,3.62218136889695e-06,0.277341380202976,0.505522275747767
0ShTFLYJ,3.33596275930504e-15,2.12046922383739e-07,0.00487519964681043,1.50295813935695e-10,0.0165734065642948
0XZh9jka,7.66089132694193e-07,0.00589213431284578,0.0107940984349024,0.906069288569221,1.00203512516089e-07
0Y7Wegri,9.04888029145743e-08,0.212670892936372,0.334821423815417,0.00190797815793346,0.559521386771536
0dTqplIM,0.0373008408715189,4.15503724806307e-05,0.997383038883115,0.00345121320962739,2.68398984592619e-05
0lNiZicC,1.22583630040502e-23,3.52000868974328e-06,4.07637244255311e-06,2.16572621422787e-08,0.963968132799933
0rGeJ0QN,6.09276455247439e-09,0.0142533459210228,0.00474372973249469,0.955326524235296,0.0843753444948372
0sXI9ytQ,7.71816049366944e-16,0.000237496171757121,0.0273715851695675,2.6233091201191e-07,0.996473223579275
0ukt4aP6,0.706824719213045,0.475502518797782,0.99999977521542,3.27377202908127e-05,0.108780423061973
1AGspb8f,3.86762340275208e-06,1.62934844822377e-05,0.00255382549602735,0.152285597383603,0.00123783435982857
1Csy0gvE,3.87697385080669e-14,0.16766894950791,0.00363881961750379,9.77472807539492e-07,0.764952769728226
1Ic2hly1,2.11800029572884e-07,0.660118370760581,0.269354429398643,0.00245597987222022,0.124207255502239
1PPbaTwt,5.51848572269469e-07,0.000586741481331723,0.00318694814884151,6.56219023282877e-05,0.318405326084717
1SO5VJNy,5.49963952261259e-15,0.130147365875287,0.00600882317900765,7.15500465958392e-06,0.878763085700222
1arHxK3Y,0.869575408170791,0.0104317761177334,0.999999468366409,0.069453895292462,0.200420630969531
1fCW4Bba,3.12423754176873e-05,0.00100809010971437,0.0515394680007501,1.01292678564447e-05,0.463458983185236
1qDZNvIm,9.87654122689535e-15,0.00827454609224457,0.0208705936221237,3.71842916608948e-08,0.989659821077404
28LYJC2V,1.88331628268408e-06,1.76348719386058e-07,0.000335987176961784,0.807720428955955,0.000760558671799226
2CzACvQq,0.504521144172484,0.993248019944775,0.999997762076594,0.000289473031798443,0.0001601193187262
2FT3crfv,0.000311039765029811,0.00179529625770943,0.992062716239066,0.00376449168122164,7.50387636226868e-05
2Fy2uHVg,5.75274437977987e-10,0.0155208120319688,0.00157480339879027,0.000839509292002009,5.16418823508415e-06
2MkMEApm,1.33154431540085e-07,3.3159859118737e-05,0.607864778264206,7.5006740778552e-08,0.744637251730159
2NDGWEOe,0.997928713604037,0.951209692999922,0.999685915138565,2.00777255945636e-09,0.0004155118810035
2NyyCiqn,8.01365099589948e-14,0.0273267173405019,0.00546444890770109,8.60122465780007e-06,0.916987906340816
2QRzIb84,0.00593397254587727,0.553321679891464,0.999999906080186,1.03805022244014e-05,0.350821659052716
2QcbdrUZ,0.00011427066658733,0.000323615444334124,0.81255033676718,8.38277537855514e-06,0.409720302000641
2YgAimWK,1.69004978801376e-06,0.0846438958597735,0.547944967892871,6.82326955904724e-06,0.812675044756809
2cx85d9H,0.0337493105165555,0.000394687146997926,0.146918063874379,0.548632030989942,1.04200951155756e-06
2homMXMV,8.97412986275641e-13,0.0075093757009652,6.00038520900015e-05,0.208100792827089,0.520706460197708
2ldLrUtq,1.25294878855196e-11,0.000223510804945193,0.0619444719656831,1.11455088101758e-05,0.00951791708086645
2nsACW6G,0.000131348485679766,0.014624750078748,0.00317311518691674,0.442615750837354,2.12188838503713e-12
2yMbVnWc,2.05979246553549e-07,0.848699285979753,1.37879342830776e-06,0.999443217523175,0.998188486171583
36r8sgGQ,6.09888061804321e-14,0.000218402576472688,0.00545033983580884,8.6374757401591e-08,0.870476303191884
3NXAXCl3,2.53276760034201e-07,1.1488772137553e-10,0.000542384914381843,0.208433927267806,0.00727964509849159
3QG0z6fl,1.04539463823368e-08,5.14121794624369e-05,6.58828655397118e-05,0.00015672772465004,0.784223022995387
3WS8R9qm,1.04112859786141e-05,1.72900439027508e-05,0.145601406982577,0.998521128788449,2.4816813656319e-11
3fRLm8f5,1.75829064914035e-10,0.000257646103443015,0.00149308990961305,0.041885860551742,0.0347097766985445
3mZhp1nQ,3.3308530579189e-08,3.63527148978228e-06,0.17340295232779,2.0886958346634e-06,0.924159085865532
3pikJXRL,7.23376672126627e-08,1.63303991271866e-06,0.00208916276105511,0.32141044013457,1.93165566473979e-05
3pxOEGHL,4.33262574961447e-16,9.98822403120245e-05,0.000879091106161731,3.26892391780012e-07,0.881554470672559
3ttdV3f5,6.37994734455178e-07,0.0935137265833127,0.067678295799213,0.116190202910181,0.138124375674627
3v4X6Mfe,0.930975587131388,1.28416793520091e-06,0.999999958986772,0.000160478125992671,0.0145531217883925
3wORuPiv,1.69681507121439e-12,8.41288196273781e-06,0.00215245859631888,0.0161256922520054,0.519567198201935
43EfrxZj,0.00462671334220353,0.994894777860234,0.00683871537917044,0.111155664238423,0.000686352457739732
457Vwm21,0.0509590240836413,0.0519610096290159,0.592898570773896,0.79245617264517,0.0724033620231712
46KNnOdx,1.79875557126875e-10,0.000222252223158051,0.000400415315563945,0.0309963050147915,0.203434373397883
47TwNsVC,5.10083201496444e-07,1.66549347298674e-08,0.000186403131906284,0.538367902612923,0.00130801734305817
49856RpO,1.8719261295916e-07,0.00105887271966452,0.00167189042083281,0.00272126264206427,3.31921198845023e-05
4Ane1o2N,3.16494561473025e-09,3.22268522536671e-05,0.00782593905835326,1.56150542774446e-05,0.0300319383916452
4AyVUgSc,9.43080595408035e-14,1.5450471128312e-05,3.6127742413452e-05,8.48898570173565e-08,0.268610289683505
4B1951On,2.45342179147227e-06,0.00544875821731438,0.534994544246706,0.00285940577152355,0.114747470438358
4OL39Teo,0.00326861126496143,0.987174877698924,0.00598883404655455,0.214023191752675,0.00667639375845554
4eQ90eLY,0.000189285230067146,0.953473518676051,0.0986399229235541,0.311265630013327,0.00259733265553538
4o5jwMj8,2.61493739205479e-08,6.29590554002718e-06,0.000277578039481725,1.94991179934655e-06,0.806246649074372
4vPgpl2c,5.95863787708322e-10,0.000136578266020744,0.031668933261659,5.21516649006773e-06,0.500221678154444
51r9aA0d,3.73440719974036e-09,7.96336485477271e-07,0.000370979645467824,9.13171655156414e-10,0.00267691888613454
58SmeRoP,3.28221063597869e-05,0.525822840521817,0.752086371101334,0.00193409971905984,0.0567597811977474
5HJp1AXn,3.30488574161167e-09,0.182109375206048,0.000800252519836318,0.749061751337828,0.00479242155507276
5MBZW7fx,0.0123469805075394,0.00196834885445957,0.711979743144411,4.28907997693461e-06,0.0174622297653966
5Nq3gHaP,0.034788407976179,0.970080118958691,0.122639093134176,0.336592982473947,0.00598803093448
5RmwFFK3,0.114434469513476,0.000108756770789461,0.0540686507898483,0.317894550280721,1.14690562149065e-08
5Tu5Jbov,5.8815999871888e-10,0.895431026552094,0.000434742109403873,0.0177025479500126,5.10006820613434e-05
5YEolkev,1.83237308250566e-05,2.04060285286776e-07,0.206552045858571,1.46356757561296e-06,0.000182938474578781
5a8sf6QV,0.0229057131928846,0.0239980518120518,0.337280398939427,0.0797551882459307,2.97189175009281e-05
5eSvmqYm,1.2931189207286e-07,0.0024590883316641,0.15718058667312,0.00416799062041166,0.00632649240344016
5hkN8fiv,9.53761191479131e-07,0.00314915382392051,6.32020138894783e-06,0.954201383875446,0.00609759653222423
5oK8Gti5,4.86606938787584e-10,0.00613525276234238,0.00663909739970044,7.40730809378513e-06,0.979817693613504
5paniGaU,2.15119519304512e-22,0.00761279545723367,6.51480432485636e-05,2.61556174855119e-09,0.982353141903332
5vsr7ZUP,0.997292424090422,0.000100702444570713,0.999537779804996,0.000505506994200371,0.000599454531500795
60B4xMWI,1.49071828922022e-05,0.00228605794906527,0.885717201631056,4.52310670352499e-08,0.882666089945307
64jOUtKy,0.103226513440329,0.000566992196084941,0.928820512304276,0.998980883477006,2.59221487410128e-06
6AJo4xNG,5.22793805347562e-08,0.386314519665645,0.0342912541602423,0.0324621506237779,0.255055138578209
6CAvhEte,1.48896940789325e-09,0.0164199640131496,0.0023149937909454,0.000667337299538645,0.698950717606782
6CuGYjT5,0.999999502146022,1.65413957359939e-06,0.999999999998412,0.0339624229783066,9.76291049322104e-05
6DGH8ujZ,7.307028234837e-09,0.000963064366179463,2.89818322070592e-05,0.466215876740124,0.27986853601312
6PzsGdVm,3.23649219358884e-06,0.00197078558192858,0.00021791364612105,0.485934461935961,0.00101055108736452
6UcSJMbq,1.91959260685402e-05,6.98707598097295e-06,0.971983660844283,1.96916081661544e-08,0.875290989700712
6WJbkH8U,0.831916595698644,2.95664007330217e-07,0.999944488497059,0.000285807509869464,4.95843106812224e-05
6eUWsVzw,0.984724531614759,0.000809421132752983,0.998667038305987,0.00848186619877091,5.92681627114546e-07
6gNyO7Do,0.0158409401730244,0.00847155352703793,0.407042142713863,0.898529196053457,1.71541041258263e-05
6jT0AyHe,0.037831848205189,0.0297720847419178,0.956380986587487,0.0580555871293039,1.82301797698762e-06
6nBgCvWu,9.23539802933255e-05,0.0287588750388845,0.511887752920144,1.26194156646813e-08,0.804195676749606
6ro5mqg6,7.90975509209098e-14,0.250942566059947,0.0435073949158133,0.000126062632655674,0.136186990207259
6sGqObX4,4.99673778966355e-11,5.17625739674485e-06,0.000133092638173704,0.000792762759272998,3.58524128590894e-09
6uEGy0n4,0.999996280091076,0.00314579637824021,0.999999597544628,1.46575096109346e-07,1.29712785798686e-05
7BZ4LxP8,0.00753882447467052,2.72630733345689e-06,0.0378337461451384,0.000437978682776688,2.40464225602209e-05
7CmigXKi,1.81162169807847e-13,0.0160817085797534,0.000369548288967396,0.000242957382834232,0.692046734486668
7Ga0LpfR,0.00015151083294268,0.976437936038703,0.242450274250083,0.993398250590245,3.82237653781464e-09
7PQsFvsG,2.26363315299711e-06,0.0357018981127782,7.98219046198383e-06,0.98148159019701,0.0107134668920365
7aF7nnwn,2.41663398711294e-09,2.10910440097281e-09,4.39371490056691e-06,4.71364503627204e-10,0.0705746990835319
7asGzfX9,4.04097121268829e-05,6.52704762690104e-08,0.0927944282633439,0.000403683735703878,0.0455194047863574
7cg7C92o,0.00244243198284394,0.261491739565963,0.14460299586256,0.181643708014174,0.152139564991799
7eOxTpsB,2.14738627740324e-11,0.226714464357824,0.165460018065182,1.17753941706868e-07,0.999104722134335
7ey0v7ma,1.15855555955652e-06,2.05618954843453e-11,0.00230394507719748,0.12635447465179,4.1426697117597e-05
7gocyrYl,0.00023017761797519,0.0176713972867104,0.0102946519075568,0.610107061670434,0.00990244657572689
7gqR3GoA,1.36166004933308e-05,1.63765359151525e-08,0.00746706338556298,0.00087367846048272,0.0270845315385645
7og7aUXB,0.000439187987634964,1.13220043701453e-07,0.901141509533597,0.000166148250587102,0.0192211987497049
7onRfa8F,1.08050141589637e-06,0.00415114634763211,0.970216636750301,0.00226127260385519,0.837087762580623
7umkNuxM,0.00120023643750739,0.0243704865226516,0.196562946224408,0.547144385008716,7.62735310883302e-05
7vPr9ExD,0.0069083167990691,0.00128822156943277,0.226562249005361,0.148457890579145,0.000657906986534759
7zNjpCzu,7.56288524013879e-08,0.000637743735662248,0.0352978518118562,0.0133802633960907,3.68761897220568e-05
7ztsQNj3,8.00653138108557e-07,0.139711476115845,0.00710379750744431,0.0327954528829521,0.000105254683526595
86gppwMI,8.33707680411222e-16,0.00215777408317624,2.71527769836715e-06,4.08521493447253e-06,0.982828379039084
88thAGdL,4.7198260972954e-06,0.157233551331626,0.0316896505741633,0.000179748262306882,0.171326640558471
8GhU8STP,0.802239336468623,0.000354350362152409,0.999627263970072,0.0487895966660862,0.000842271281907479
8NlzDcWe,2.21955573737965e-10,5.49940160551393e-09,1.47743436243599e-05,1.90292919311296e-08,0.0221409260458831
8QAejdLW,0.00153417561878426,0.0327616719602035,0.0381513566844393,0.152576060599297,1.03818226182988e-05
8RDeFxWM,4.56653496082923e-17,0.191161729668413,0.00439564216595767,4.37870297049216e-06,0.994132250324734
8UXP2NBS,3.06834400673526e-16,0.0828313862958661,0.0728861977764968,6.20118692079226e-06,0.892676323112673
8ZoV3KGT,0.0019419348148617,0.200660666149846,0.134207411978166,8.97754232757404e-05,0.00603497089098438
8ajs2uG8,7.31651011327376e-07,0.00145292019193314,0.0011894058690653,0.00155633441434173,3.15009689075245e-05
8bXnz62p,0.391981045400901,0.996871683079962,0.255701566833256,0.242928951507838,0.948750318690458
8nO1O1LG,0.999066979013285,0.0499528897960093,0.999999840003586,0.922452290492996,0.00249561787317787
8xE1p8g8,1.15779069025413e-16,0.986184298342519,0.0140412545387895,0.000502618028298842,0.0576049287571374
8yMDVMRM,1.22048002996733e-08,0.00262024980405741,0.000651246170462112,0.000874414108338942,0.00664580222686728
98R5VaPi,0.22085002930522,0.00296581128657684,0.999999999995488,3.35352946524864e-06,0.933802174339176
9DcTz2Ua,0.99999953978437,7.02681699685169e-07,0.999999999999999,0.0857762379073066,0.0852238414913435
9G7nfUrK,5.41307706979533e-09,0.00400397238779028,0.0293904140140732,3.06655631581969e-06,0.212789621784852
9O6GZ1HT,0.000563048638643749,0.0267950024032226,0.97488920431492,2.42094521289223e-08,0.187258317407281
9S7fCoAM,1.6815114487344e-05,3.71914031752433e-06,0.78897505531383,1.32554889849901e-06,0.945435680324368
9iQwmFJR,4.07447404790319e-06,0.000876094701156619,0.00343399638079378,9.06627660307405e-05,0.145472428868973
A3Mt6SAQ,0.999739951182118,0.876750320014151,0.999999999992044,2.14623672130379e-09,0.0228026249850524
AJIsQIcV,1.07680042869387e-10,0.0149655585120582,0.00109764210963412,0.000806499127595629,0.961779289405958
AMHKXMh8,0.999997206499743,0.260760818476454,0.999997778611816,1.17514647324971e-08,3.18380819625823e-05
ASwA2J4E,4.83024655216645e-13,0.0871007619829565,0.0187966702300373,4.5893892423874e-05,0.807230197976661
AaFvEoHq,8.14922374606642e-09,0.000341515203202934,0.0427553497626195,1.47756690443295e-09,0.99714612313209
AiIPD6hX,0.000116263335737102,0.237965320824401,0.0195139317918962,0.295969763340902,0.0141109371728659
AsIURvJS,0.000369103630110282,0.998991851750564,0.993435165572846,0.609460255153842,6.10674485651048e-05
AsvgbJ0C,3.9498414522541e-05,0.000837394349926476,0.000145677084676317,0.928155639538284,0.00342136410165993
AxEhbkCM,1.01321548075926e-13,0.0135481804272914,0.00596226641717038,0.000329156155635864,0.899255356099659
B7VPkIpx,4.31875989380161e-05,0.000301061989196967,0.22761814018933,1.2073228834558e-07,0.976728522700024
BBwHqHiH,0.0132900099312575,0.0270866362164835,0.442182680228649,0.0290633833535153,4.87699116353733e-07
BMyps8hr,5.22695195956831e-05,3.58473980158983e-05,0.00519215584701647,0.00291149396783317,2.49716340613684e-05
BUHS4dQw,0.270207139283024,0.249336750281104,0.0636438889252413,0.999703048260448,5.10707111134834e-07
BZB3EYWQ,7.80947908018712e-14,0.0306241287523009,0.0250984115493777,7.5357201447066e-05,0.825747036468257
C5UPCZcL,0.999996129605113,2.17207348960203e-10,0.999999999999997,0.111009049175049,0.0106469748287211
C5gIfQbJ,6.80829799986538e-06,7.67307216441815e-08,6.59967930934089e-05,0.262787652833677,1.2693803649243e-05
CDRuu4Pn,3.67333500727923e-14,0.0718904925268711,0.0023039843906496,1.35544823936362e-06,0.922629970134254
CQhTYkqE,0.999510504513757,0.471219045980402,0.999826311751202,0.618358162430398,4.81595301431614e-08
CSEobMXv,1.80504806249441e-08,0.0161050589894842,4.9985682281818e-05,0.538211240722835,0.292940206203261
CYMQE4x0,0.00148519748101103,0.563803069796681,0.999999930503832,9.55245758406584e-05,0.418238011480252
ChQdtl4J,1.27177879776674e-07,2.86936941041597e-06,0.10054841745213,5.65363072619978e-07,0.867952956542722
ChnD1nrN,5.09280410918997e-16,1.82159502885981e-05,7.21104465395451e-06,1.60825961224759e-08,0.267447341487657
CvtbbIcq,0.957198551437006,0.56974563637303,0.999999886960186,0.00164026054108643,0.0747924871071417
Cxk06b77,0.0249373908540234,0.0153963822923768,0.154765741062205,0.000942988649661426,0.757895657505106
D3QD3ZEJ,0.000210194543564581,0.16925725281995,0.493309265768413,0.706603001539153,0.0110595902000964
D8J5C6lA,0.304715065968171,0.00014765166232945,0.997961140015157,0.00400599520454704,0.066392284533532
DCeQwYfT,0.000682093003613548,0.00962796680195954,0.0176791102711204,0.218712007202467,1.73993688432345e-05
DDEftkx3,4.72249638543331e-21,0.0130054281438643,7.82727151965458e-05,1.97885052768474e-08,0.948182194128932
DEwCfeDW,0.00308578946516152,0.262693908729596,0.0149120363069582,0.00716702013492817,0.955317979250918
DMkIV4oL,1.14489458995269e-15,0.00898702602989677,0.000725818102306501,3.37325708777654e-06,0.660572722550451
DnzGfbxS,0.000593569948258059,0.00748828791064172,0.0577594598754722,0.019846442319146,4.10979662270196e-05
DoZxo6f6,9.49220151360042e-11,0.000172105351221329,0.0256564576418348,2.69934244412893e-06,0.887395624422351
DvhBPGIk,2.5683754611216e-07,5.35938328289913e-05,0.035467191436712,0.00258781308762275,0.00541868776233239
Dx7GoUcT,9.58890657330744e-05,0.00245072324767727,0.489558339106665,2.89353400767924e-10,0.865589330808047
E5hIjohO,0.718605818486012,0.000777875471244833,0.758726989402843,0.986736148633929,4.08424337650275e-09
E6x4XGHt,4.58002398735216e-08,0.0160278954132442,0.00346709422582112,8.05569352233724e-05,0.885604243384163
EDEpAzh1,1.02097979054733e-15,0.575315889208339,0.0164414908557082,0.0013224638703918,0.0472260826968603
ETGudkQt,9.56121065381365e-07,0.00592910213990826,0.236964892593009,2.97980670035392e-06,0.694327099981332
EUleKrLJ,0.999932055160595,5.34282626205014e-07,0.999999999999804,0.137259715249605,0.241916291975502
Ehw2Jz6s,5.31648593530409e-07,1.6479986518173e-05,0.0490549699375184,0.000999250955479225,0.00236245683766979
EjqzC4zH,4.01625848768673e-05,0.000647957604331147,0.0311565097567058,2.64439930648998e-07,0.913462388700776
EkMZO3Qj,2.06092103653556e-07,0.00237735306700052,0.850634598209492,4.73015216519074e-07,0.565141326153613
EnoNXWvU,2.16659846312182e-05,2.89713552049039e-06,0.954576971269618,4.8168964394094e-09,0.839840370715369
Epv8ANwr,4.26374363235342e-05,0.0176055158897696,0.106939964986911,0.796360221731492,0.000310966923894103
Etro9j0B,0.0144484251803104,0.0207297958571151,0.28462439864177,0.00488158016887294,0.600788657174962
F3MIZj76,8.68341798271783e-08,7.5539220610506e-05,0.0311885904445982,0.0193584715649983,0.0197954083375485
FB8tU00K,9.36930303073126e-08,2.67939896109935e-08,0.000216588861950939,0.61015716982659,0.00164994040307264
FLhxBGMK,0.00635375606515453,0.000394059518129423,0.38272072238077,0.00165764217547289,1.84964689828859e-06
FRreR8ka,3.09311488155545e-05,0.0399480763863546,0.0234458810940636,0.000169364732537298,0.455000583801383
FXne4oAV,0.0139957661711121,4.04607431852945e-09,0.999966581600709,0.000414038116709269,1.78318995237981e-06
FaW764jk,0.000378120398191503,0.000297608527639262,0.374973273330137,8.24060286874526e-05,0.477874910849238
FeAbMXly,1.44949266663106e-19,0.000122524240665811,4.38451142410497e-06,9.47939874218738e-07,0.900688845461679
FeudaFXn,0.999999785636484,4.63751932578021e-08,0.999999999508136,1.52172255763723e-10,4.58054761886792e-05
FldUmFeM,0.886479731364182,2.4503058391953e-07,0.999999999999999,1.16380403260494e-06,0.321493120675321
Fnv5tfAm,2.86459823094461e-09,1.74920510456439e-05,0.0160528704900692,0.370797493656684,0.00049498519441499
FvrAd3Or,1.1625743755466e-06,3.23058533942092e-07,0.178793473004935,1.85130391498918e-09,0.941747960564487
G48zHffi,0.000263987159372595,0.00930422476660568,0.999999972240028,3.72872445587765e-08,0.594133941806215
G76zCv5N,2.14800578855385e-09,5.66787276618167e-06,0.0158842701243874,5.04694136837462e-06,0.0622176420377494
G7JGUdNf,0.130804864129032,0.000725536879794113,0.341853528510276,0.0227882286938328,4.75962166583123e-08
GCo6MONx,0.889621885166191,7.42110009918733e-06,0.999959443340871,0.0806563600752131,0.025471490291911
GE0vbpVQ,0.000173474233032143,0.000557415223174803,0.0442801409319449,4.68603059077612e-05,0.621086760796589
GN0DfOqt,1.44287401015753e-09,0.00339863927577689,0.0269899457759966,1.04269606104762e-06,0.0431075998205926
GNsTAb1v,5.3822952861797e-11,1.01746146050302e-05,0.0235881020216001,6.40395115940888e-06,0.000362653448474254
GPwmO21z,5.42668100134351e-05,0.0002908637088923,0.0207798384344612,0.118797245270761,0.000477919731304607
GQYpfLoh,0.0291958594779525,6.50085871717846e-05,0.427736737716164,0.633582694102433,1.12881753105538e-08
GR9knT8n,1.02239916884207e-06,0.0048092531616415,7.56369443646666e-06,0.96242091330596,0.0104803912532522
GXtFFbZy,9.5816412198929e-06,0.229322535293738,0.991111874078755,0.00271991913238973,0.498170078190062
GYvzvvFD,5.615534715285e-13,0.0742005470067919,4.69331905290303e-05,8.78442494444802e-05,0.817158834212345
GemPjTJ9,1.56125903561945e-07,1.50826817313541e-06,0.000612869459272598,0.211846691111627,0.00193090345199544
GkLYRm1K,0.999999942842639,0.0337071784807785,0.999990526937254,1.33750506983464e-07,4.38796938988491e-06
GmlqP8eI,1.20576905676454e-25,0.0365259365530472,0.00161550796254661,9.57874336017766e-05,0.401416258467697
GqkIrOvf,4.01357246260235e-07,1.00777831397375e-05,1.75249678231127e-05,0.823517773959546,1.01959881055825e-06
H0fsegPi,2.67033772335103e-08,1.51939237150129e-06,0.421438880915933,4.92017927731506e-06,0.939761914531992
H4dHpJjU,0.999017694961788,6.60005671367565e-07,0.999999999955955,0.53947012713132,0.512001352825545
H5QwJCuU,0.999978521450906,0.999934349788683,0.99977323802128,5.831958637778e-05,0.000113644541694791
H5uwmSZ0,3.85770013201187e-11,2.7079410312868e-05,0.0666590408256373,2.67605260076493e-07,0.734675906844265
H8MtbVoL,0.00289320599055325,0.000396630330799154,0.0328790951000416,0.000377549199984577,0.00110079572960551
H9JrUYnp,5.18701691147532e-05,0.203487236920512,0.0662893097967627,0.000773285835155635,0.554926093667333
HHYmmHVk,1.03117547503561e-14,0.000100147327409022,0.000132671303740689,2.35628349169213e-07,0.992148642838849
HJ5U4uqL,9.63546672537318e-13,8.50526237342696e-07,3.02297732334482e-05,0.000725407375645074,0.139924973628558
HNQxYc4w,3.94941728788581e-07,2.50997483485413e-08,0.0116505075206559,0.000114094158304708,0.018719563413113
HQYhKHZ8,2.43295421611468e-17,0.994061769493925,0.00582953497673512,0.000157032851329349,0.961426804874538
HSCMx0MC,5.59978955256354e-18,0.0943193753547326,0.00178694908895735,1.22562638970576e-05,0.994479240955261
HXYuE0fx,0.999884679710564,4.32706363599007e-07,0.999999999998072,0.00732900514916767,0.00307823841800399
HdKcxEWr,0.00333920124243056,0.56008254770512,0.0624760516181481,0.0489659615992709,0.0742769287302207
HecW1iCC,5.08909762722002e-15,2.00943410705423e-05,0.00202083968388155,0.000863464338783029,0.823830166221165
HpbKB8rv,1.80370297074458e-06,8.31676201063896e-06,0.00179870921725651,0.958412774942926,2.85860660175057e-06
HrkoYjCg,0.000652720780303106,0.942114870248464,0.302154389845039,0.974382342106959,1.15485046858713e-05
I5P2uquT,4.246239295742e-05,5.17339278114186e-05,0.0333632275843111,0.000350557105370185,0.857457728552656
I94qkDM7,2.46787010231604e-14,0.00304097032906062,1.3208288129153e-06,3.47214345511548e-05,0.676708877532274
I9sQbtt8,3.34527014476044e-05,1.21720475955339e-08,0.00012462485546528,0.997001433085691,0.00187086329383202
IFxgw6ZX,3.34419697719787e-08,0.918994239852188,0.0611105603947671,0.000417856668275884,0.076949348120603
IPPPSyoU,9.90651246066591e-09,5.41636441546995e-08,0.000656131533562389,0.00950662560215924,0.00501097425159239
IQOYQubU,0.983318386581324,8.63428160565953e-09,0.99999999906792,0.0218210421377834,0.0707846564816735
IYNE2SxU,4.81382725953015e-09,0.0706427306178188,0.00202040150339488,0.0107269962768978,5.06139795520904e-09
IZRFk9kN,0.000258112155998805,0.00014309382291361,0.606595703250985,0.00379288524409195,0.0176711440219602
Iaq3v0t3,0.999948439390965,0.738064053581786,0.999999999914053,2.06148449264707e-09,0.00513689674658147
IbVwu1t6,3.91938840897569e-09,1.12827096602365e-05,2.14824103272881e-05,0.0490536435742519,0.319736456587331
IcHKTLyo,0.00390677879268196,0.000814877425701406,0.219465806225664,0.681795150190467,2.5470608410819e-06
IpW80wVB,3.62711336281691e-07,3.48285207004074e-07,0.00383166194259795,0.0533847778953227,0.0293859467751042
Itb0PYUV,0.99896541666756,2.36495720941768e-06,0.9999999985862,0.361700084119502,0.00319983938806942
J8fpSwS0,3.15233401064459e-12,0.000560279794228278,0.739439070285518,2.2637273802624e-09,0.999029822767824
JE1SlbD0,0.782303993992782,0.998624233991373,0.965708546512987,0.97919493903871,2.16991739336626e-05
JEB4McNb,0.860151790433155,5.92358716553983e-06,0.998726536888867,0.00322565035425846,3.65153211806081e-06
JEE4QVeQ,0.0904956638128747,0.0181622040197058,0.107796674779627,0.00110511853677288,3.54984441057522e-05
JJSEU2VQ,7.35347663974476e-18,0.064928421870752,0.000200734467560843,1.29640129854034e-06,0.822955388635169
JSsVriP2,4.70188845093305e-06,7.77223978451237e-08,0.953696472939779,1.58886980483617e-09,0.889854307905844
JUvQNiOK,0.0103850577132387,0.599730462221774,0.0111567382625004,0.00325552136612033,0.482004642265574
JZbrRtm2,5.18325499225064e-05,1.24798452964902e-07,0.999873049913004,4.51249442402582e-08,0.442619361417562
JcE9G92B,2.3705568670818e-05,0.990735961269544,0.0495447432041117,0.644068253223725,0.0084552798773027
JnNYpXHr,0.00998253356185877,0.833115659119048,0.0172297680770595,0.862574252240412,6.7024056604613e-05
JzpbnOtz,2.04387717295042e-12,0.0010874001049765,0.00424262753552383,3.57920112116623e-07,0.998338062456671
JzzUhPQp,0.999999931713194,0.971830134165047,0.999928660303371,7.01621084564947e-07,3.22677937302121e-06
K05R8dQK,1.08012573324788e-05,0.237951513008529,0.0739876575173572,0.575841051984054,0.00019125329940047
K17pG2mG,3.37061355749682e-06,2.16797692813109e-06,0.726997963386784,1.35070196778157e-08,0.858407268573763
K8BellUe,0.0838318865742666,2.93390361555066e-05,0.983003349875847,7.02493334358448e-05,1.85407311577142e-07
KJ2eH6rr,0.0631812041386593,0.756472986377681,0.988984095934519,0.000105710020644962,2.47180629147805e-08
KJEJ6Glk,0.715914534166798,0.516293180786681,0.960596593901551,0.78065141054515,8.93971836912187e-07
KSbO0oXS,0.910809945913968,0.0041200238789133,0.694608731824121,0.999487132701404,8.71000643886706e-06
KXtvmd01,1.25146092698884e-10,2.22281290599221e-06,0.00268011752387626,3.0185289558718e-07,0.309675291505766
KYiJqBuJ,0.336912597646644,1.50850860403636e-05,0.887255084379293,2.3852726306698e-05,3.06895024987718e-06
KmbAyTcE,3.361565794907e-05,0.000140585054858338,0.825681611094879,0.000339616148201771,0.020977102027672
KnNyl3rV,0.00349940648147405,0.0769929286957252,0.992747212116251,2.92155541783677e-05,0.905383930599834
Kp2DG8TZ,2.09962156296439e-05,5.42388659101812e-05,0.178728833639955,1.86541061016864e-06,0.337711920253485
KqQtKWs5,5.3444186517299e-07,2.60137852600253e-08,6.77926107184979e-05,2.07010129208096e-07,0.00855968522825035
Ku27g63R,0.999982239334746,1.18441178807486e-05,0.999994610339402,2.48368803495483e-06,0.000643698984255404
L2aTVqDq,3.27046491146541e-07,0.000930748538384402,8.76428637347954e-06,0.919422808936735,0.00431572907240898
L5jvq6G4,1.99615806458607e-07,5.19328995352695e-09,6.54422260716447e-06,3.46712838250967e-08,0.0294572078254812
L91hYVQl,1.70729951688263e-10,2.53167343518461e-07,8.46302797365653e-05,9.34779671256496e-11,0.0362601790453601
LINAMlbA,5.08581383388779e-12,0.207362316812709,0.000137059034700959,0.036367499542453,0.783740589595542
LJoUNXSx,8.58564606078074e-12,0.000229501442469187,7.28486748438232e-07,0.161972047901358,0.412172443592639
LLtSiyWD,4.87570117605043e-09,2.33338485222243e-07,0.0036462078868325,8.90660611523486e-07,0.000146838394135257
LQJtV8kn,0.265459938066064,0.000157773632835229,0.820862005159383,0.00827045861185546,4.32354820110656e-08
LW9uddw7,8.11420805791333e-06,5.36162328450581e-10,0.0024177677668577,0.906063915925629,6.38524073923048e-07
LZ6sdBTR,0.992800082766529,0.997803969989858,0.588899393459174,4.32374866714083e-06,8.75172129180561e-05
La2Vhnne,0.0107149498667468,0.985994024320307,0.0506947559703374,0.998668392113135,0.552430228217908
LaUWSq9B,0.00869068977076458,8.71070893825454e-07,0.225635409809371,0.000667236855887448,7.134862836382e-06
Lk4SfkPQ,1.31772214232018e-12,5.18111605950397e-06,0.000544741158686292,0.00773806727436358,0.173858362983667
LllC836d,1.18183509141723e-07,0.314373970357164,0.0175027167513302,0.872965069404503,0.000305437745744736
LuGiGeWN,6.22195773557811e-15,0.000418997684133439,1.07257932538005e-05,2.55435341104777e-05,0.986721310231569
LzcyHcWa,1.00518816980986e-19,0.152045454969134,9.92424853407629e-05,1.08750929398071e-06,0.927197825018486
M7veP0H4,3.10081761291768e-08,0.32652697191425,0.00440428531941117,0.000105693213059441,0.702474963068799
MB8aaJUc,4.72656044849296e-09,1.33620134357429e-06,6.23344328191922e-06,0.760290846835496,0.0360376809240227
MDpe2zuy,4.50705697461312e-07,0.00984138350282336,0.00100955367675013,0.00296318499646793,1.53378856303977e-07
MEzdmEIU,1.402263418645e-08,1.80559837164505e-05,0.0484089115718902,0.000140950366942832,0.0581059513226527
MVnhtivm,6.00967353389349e-06,0.0240690911441436,0.0352181514121683,0.0349253250160619,0.00233927927980746
MYU7WDis,0.000246902946726756,0.00623905648687835,0.144377252883455,2.31875618075427e-07,0.250649833332665
MZFqh6yw,0.981584237342255,0.291589435271037,1,0.000199156852804518,0.135282722216059
Mdgy4SsO,0.015051073851038,1.78637112444652e-05,0.0159860132078695,0.989382118761531,1.94238091511805e-10
Mj8awnzy,3.17890228920965e-08,0.0104724720494014,0.114271998486591,1.79337708826645e-06,0.985595093383365
MpFPbUJy,0.992492529706346,0.648107537197598,0.999999530834777,0.844050613061907,2.11602449081921e-08
Mqk7MFBM,6.31710927451887e-06,1.40161993577845e-05,0.929461537135259,5.26311671861784e-08,0.472253862104416
Mqs2t1Eo,3.58388872057918e-14,0.996346976851361,0.00521944039903871,0.0255230791003032,0.0431271084606877
Mv3jFVxp,1.20467863824794e-05,0.00652812295631008,0.796526626737765,0.0240711133475034,0.0633453078236197
MxODTXvA,0.0016616342549834,0.0234570958240832,0.435066186702963,0.0410067435248594,2.8678384990902e-06
N46PbpPM,2.19739203393263e-12,0.000131443090423795,0.156393773866176,4.45084737801857e-12,0.999030438394244
N5S5F9Gk,2.02557299165201e-17,0.00228693608729352,7.11113755089222e-07,8.04854815258881e-05,0.990687615280304
NLDg5fqw,1.79254853011202e-09,3.08194478561809e-08,0.973160806407093,0.000326212604591007,0.0299770826074921
NOho2ZiM,0.998490739371607,2.09289804833941e-06,0.999999999985848,0.0840224728562412,0.00253932836776739
NUuY7PFU,0.996896172931468,9.21917016510335e-05,0.999999695196059,0.955116214158339,2.18802148035944e-05
NV1e8AEO,6.46996397375485e-14,0.00761050998761283,0.0560589878122119,5.7256285254278e-06,0.978559128888335
NZLXROKC,0.570530860814461,0.00122754218992041,0.0976514848808757,0.955983874144425,0.00046247509103633
NaJo7C6o,0.679467217513064,0.770260557247799,0.99993717216884,0.0343151645328726,0.617092168079713
NgsyGkrO,0.323872933462332,0.0672664857029099,0.974624084490388,0.503176971820898,3.80864493419777e-06
NjOx4Zpo,3.87927677159588e-05,0.512685777105151,0.000701924770758888,0.89701915845386,6.74826725265576e-06
NmQoI7x0,0.999943587372248,0.0025693941482501,0.999999999999909,0.0112260180245861,0.0222775385911951
No4wkdLS,1.86851163163231e-18,6.92216272099736e-06,3.14454816004606e-05,2.24925578352617e-08,0.549557867523484
NouMwhOf,0.000786901193541131,1.71871426453652e-05,0.941100100674972,1.82435574085736e-05,3.52806645224432e-05
O6YAWd8C,0.00777644538011526,0.00105119748294589,0.101418160877898,0.00524113196720463,6.62931924804261e-07
OAXVphSh,0.999678866987317,0.0644330701786903,0.999999999999994,0.156133485540329,0.866340419055028
OJBBhb6Q,1.22587947441624e-12,2.66366831055672e-07,6.17494179673608e-05,1.35680826300565e-10,0.910862960740847
OSIQXImL,0.717957243218273,0.000352072486876479,0.969939500550455,0.260055418256473,6.27428260144272e-10
OUUFc5Zz,1.20484210193715e-13,0.00273974212006123,0.0287999634958539,7.36782749561721e-07,0.952395796329746
OVk1lquT,0.106267906330474,0.67553509043834,0.0951029333742945,0.969013577436404,0.770105060533894
OXdRxjzz,6.34584538670562e-07,0.000122938997278135,4.60873477143555e-05,0.237526811555619,0.0299756397205622
OXxW2ekf,1.99017890852503e-09,4.25582926475385e-06,0.00203652455301962,9.3626113200296e-06,0.119505099411498
OXz5OpqR,0.00294948197933681,0.0104672253484012,0.600492784192348,6.22663550624038e-05,0.944345761082373
OcBFW1AX,4.01831831513e-13,0.764844141071331,3.97224671397621e-06,0.0048022169622527,0.942553832812453
Of9V2rpt,0.00388322568322053,0.0551816542190742,0.399818256590067,0.0519268035753086,0.00155591432288778
OfLxPhbG,0.00106627558679107,0.0192252018194946,0.0920816455143663,0.00681645044411102,0.923489449077436
Ojx2vi48,3.75306609698661e-13,3.50986122907691e-05,0.000737807444201126,4.02606688071101e-07,0.559504195468379
P3M32iuT,8.17351716171737e-09,1.6766805178972e-05,0.0032434223755863,1.76711801631211e-08,0.0128563245107821
P7olVzrO,2.3164169890302e-09,0.0565052774261544,0.0035314870410678,0.00075879621815715,0.464460412890393
PAPHErnv,2.03997581333088e-11,0.00153950357286741,3.58115297608948e-05,0.00997824324499793,0.0526470234929612
PBjEtfXb,8.71377208104412e-10,0.164776962987171,0.000332669608523744,3.82293531039056e-05,0.950206628339279
PZGpoBBj,0.999995780924014,0.000384076947403723,0.999999763156488,2.24567325590262e-07,3.22582529910159e-05
Pc2RrxXS,4.28642837044211e-08,1.34291532669197e-05,0.0748066246631333,1.08946385501573e-05,0.000579780181870725
PcHQ4FOu,1.97759585088136e-08,0.105075859083926,0.000722256444572478,0.00145358501648558,0.140120798849146
PeNyTOVN,1.36299287784277e-05,0.0263577501450133,0.112082457745696,0.00161895489674153,0.0730937982834546
PhUPSU53,9.2065741864263e-16,0.991779550679527,0.00295202192663782,0.00174082827729577,0.348616774231789
PmUNeV2O,5.39450370196421e-23,1.84872503556023e-06,0.000200151430116691,9.53543720406311e-09,0.0666966124398106
PoDJ0uvK,0.999344806487065,0.75231283294541,0.997943639987129,1.12760868072376e-06,0.022918888706822
PsUJdJdg,0.000486964105736308,0.012422311310713,0.207379651087105,0.582833528860588,0.00662064161969166
Q3xLFx1f,4.68211124187703e-07,0.0029770472756137,0.00174059676925797,0.0149927438662073,0.000230433589294066
QBGxCvdM,0.00822179441039699,0.0169215800750587,0.182256392543806,0.00570283691412891,3.61318473031404e-07
QCEPyu6L,1.68592124202879e-07,7.37564993464899e-09,0.00103920677937417,0.152460369263915,0.00103571315117855
QEfwec4s,0.999982052233926,0.000847570095834743,0.999999999999999,0.988002986009709,0.084092586235544
QZ87Nnr3,2.04378660396062e-08,8.3064954125075e-06,0.011346035221025,3.97537043955128e-07,0.898492660017403
QlyGN9jv,7.71359958500098e-10,0.0184722572398638,0.00561045158127016,0.00321502167943482,0.738586669982608
QqgWE1ny,6.79965860130075e-08,0.158023506839058,0.038697561293896,0.341046897087649,0.010773874371626
QrjjBpZd,1.43324090745347e-07,1.02528286848351e-05,8.3151973674094e-05,0.630528692309949,0.036048739064974
QsaBiX7V,7.76641143253361e-07,0.82270337052548,0.0578525005045049,0.0389285958083813,0.536227611653423
QtBKJuZk,3.66761072318793e-06,0.000963474190992647,0.00471957255367275,0.000452063561791603,0.879387550488031
QtPRO8OJ,4.3923589770503e-11,1.35187905559029e-07,0.00032262279562942,0.000103047071169021,0.0624778156335048
R8XcsFnp,9.31884344306323e-15,0.0622045271093711,0.00811610979789288,5.98685233375227e-07,0.999340095888754
RROfRt9z,0.00776290140674532,1.3191401261939e-05,0.997032943555343,0.000360130349051294,6.81173683592215e-06
RTcbiDGq,8.11510357843868e-09,3.36836965313468e-05,0.0106350422004072,0.000136701096152549,0.000804069822241255
RVidM9g0,0.000264276301095471,6.94339860934958e-06,0.999667955729166,1.0540583890721e-08,0.959937241869602
RZnQSH19,1.31118656282807e-15,0.00386390931846989,0.00400184932300744,1.41615268997027e-07,0.802989884246704
Rc4UK7fT,1.67062963052347e-11,0.124933771475737,0.000184591662249149,0.000235557370247785,0.83857421746213
RcKBKh6B,4.59289475171563e-10,0.0155191354506403,0.115692826108118,5.89517583100402e-05,0.483073885044103
ReM5kDa5,0.0136714543012866,0.00092667999959977,0.145399729731149,0.22199362002849,0.000145420997266393
RfntsotG,5.3817980953639e-14,0.0336447274514221,0.000673542291756049,3.12535378195422e-08,0.612292319529974
RiXMlzXD,1.02934296078501e-06,7.5263615501856e-05,0.00975768860918746,3.62785591473329e-05,7.17119643283663e-05
Rik83O3m,1.17714830064504e-10,0.680208672095946,0.0143897798295243,0.0051543636703312,0.000394949378260704
S3PCzDzO,0.000191590798291146,0.0204315158216107,0.28100840982395,3.40907759676847e-07,0.0214154817187632
S77BviOJ,1.78588764910044e-08,0.0501109160343555,0.00165198457903439,0.00112139831392641,0.575127153484907
SDdvtktF,3.67655895603696e-06,0.000965793204363512,0.00186756611309657,0.0101999225419549,5.822691521988e-06
SHs1AyfM,2.9877676322232e-05,0.240426679733986,0.0183142625783803,0.00152121110008284,0.855216840245434
SO4zQy9k,3.73390197466278e-13,0.000793050468840981,0.00263906132597178,1.97409819996998e-05,0.587397510892404
SOOBCoiG,5.84478485888535e-12,0.00152228477145108,0.00332967477132427,5.82265791055911e-09,0.982988066023929
SXkkPB7A,4.28659641278162e-14,0.0154656234288852,0.339333180337443,6.94218863689074e-06,0.999034566338721
Sa93dGqq,3.87742755955216e-11,0.971560847939372,2.43528857558254e-05,0.496988400806361,0.945983994158763
SonIG72a,4.19742789177516e-10,0.347311364850898,0.0031195096692175,0.199826154469228,0.707493447934283
Suf6hIBc,7.99679632933336e-15,0.02774442507966,0.0093779385024853,1.10109650252728e-05,0.889388145693379
Sx2JeSRz,0.0378458183610024,0.287139907965181,0.780679603338389,0.824548275360919,0.00229186994963698
T1Tlftr4,2.7719054740609e-08,0.00111455513791226,0.046906971195011,4.42832824776506e-07,0.998580666335229
T7ulR4ci,2.25841125815174e-10,9.02800187326455e-07,0.0387314321687673,6.11671940255994e-07,0.950498956409963
TA1NB3Br,1.07464265876359e-12,0.00366138441118347,0.016541057026883,5.46104760133882e-05,0.798087632846952
TFZUskaK,1.49774300350216e-05,9.07130604576224e-09,0.139863562604383,0.00461259205152375,7.27040308953184e-05
TNL8HGWZ,0.00535952311088187,0.0015905440630349,0.0698452419951922,0.0197321140920181,7.98903369320022e-07
TZ8z1GSF,1.56376948332949e-08,9.03435940148991e-07,0.00376513205340888,0.000817429800223752,0.0112753784933772
TqhRvkJJ,0.998650531406797,2.29295504198311e-08,0.999999999999466,0.00647697879003383,0.000907773520700336
TtJCUiY4,2.63786033394764e-12,3.04331029640196e-07,0.999969901992591,2.06709084904537e-09,0.995236602155459
TwDq0lua,0.968120474239557,0.0383576731226965,0.999923159337041,0.16965967673598,1.79856481452786e-06
Tzyf02sI,1.37947867269577e-11,0.000142955312822198,0.122603299885215,2.21368073133803e-07,0.949296527702679
U3yI6ZS5,0.999993708747782,1.5055189697312e-08,0.999999999999987,0.839606334906767,0.0659455517695703
UBLnXZAN,3.55864272942878e-07,4.89179606932644e-05,2.89982824314435e-05,0.991352353802948,0.000256602606171316
UBWDzleg,1.73806895039685e-05,0.000147195174266745,0.0050227874617908,0.711925678039519,0.00162117645597686
UBqkX6SY,0.999980582847329,0.0244611499647268,0.999998156544771,5.44168767607527e-07,3.89757096625096e-05
UCIAi1Aj,6.71798629678973e-11,3.17401830525596e-08,0.000955428104201038,0.00832729532849939,0.00827491120814675
UPbXGvCS,0.0424608249709688,0.0021080673869253,0.313347805576798,0.0436233496294463,5.63989264126092e-08
UeWm1l9F,1.83535246521579e-05,0.00674842010776373,2.12180206134254e-05,0.993851590155687,0.0056332361832424
UhucscY7,6.87905540728869e-16,0.0172245210331517,0.012171834493699,0.000121117174199184,0.113198492806982
Uri1SvHV,0.0282332518184209,0.00172679616287674,0.144280591217664,0.066009645410624,2.0671429323397e-07
UzxipGJS,1.54368701971364e-11,0.000391607668860995,0.00217918059031339,1.27346260435327e-05,0.155266266051722
V74zfaAQ,0.00233833336231343,0.00908219146922719,0.0837820747354823,0.157648158869942,2.25228188914655e-06
VBPxBLTh,0.995601075627351,0.00025431308524978,0.999999971496181,0.64487403385968,0.00676898394442349
VLG7CXYS,7.49865655089085e-10,0.0377156770008511,0.0755371837245238,0.00191259450222079,0.452087438607749
VNk52SpF,2.18121994093845e-07,4.50927192722701e-08,0.000174811457412217,0.89250490079692,0.0802578188006729
VOREKsok,1.00315994968418e-24,0.00215483839781606,0.00102808153481943,2.40365905434888e-08,0.992867923295037
VRhTr5pX,9.60399210417864e-10,5.91518576689711e-07,0.00223656099569576,2.14094218383501e-08,0.0164939914744857
VTcG4Kcw,2.14419672458227e-08,0.000179461019968444,0.354481280168215,3.48387077155332e-05,0.990400589336191
VeKiWSbS,3.03249957957123e-12,0.0331238647471547,0.00657233689146217,2.56548823499172e-05,0.824499221769314
VnU8nJHU,9.19904278187883e-08,0.000310904043333638,0.130881997038772,0.0103025492050829,0.105853613541009
VueNCxYv,1.00039069321049e-12,0.805887791173395,0.000601339850267774,0.000314907269887727,0.00907650826136288
VxuQTRUl,2.29918756416468e-07,0.162970335783859,0.061139835230369,0.00331438816140355,0.00934082142180545
W5lgaocA,0.742241578180909,6.98186467187626e-06,0.999999999998938,1.51603495932842e-05,0.230275383262803
W5mMq9Ef,2.87448698410427e-07,0.000323226450811826,0.000163528292088734,0.436895285342076,0.0162394700494158
WDhNqFpS,0.0560294173312062,4.35607401819331e-06,0.376842502204475,0.985658056480083,2.81900405159214e-09
WE6n1kZi,2.18804523818689e-10,0.000523149870930447,5.48983411728432e-07,0.831776144693128,0.38258867896388
WFk6r3vA,9.10720977389249e-09,0.0351504983116976,0.00256121218421784,0.00351564955832408,0.0104968935990676
WFyIrsUR,2.35074499261673e-07,1.56045250793224e-05,0.0703037024814819,0.459626937942152,4.12382474397116e-09
WG6ZAsqR,1.93692469224111e-20,0.00788767414077547,5.43623384478287e-05,8.36365340826093e-08,0.980858297320151
WMq3CZQk,8.7316814514678e-06,0.502409618014325,0.000633006090704074,0.326817780608701,0.00026079607993349
WRskmGjh,4.17038813915938e-08,0.000202570269717628,0.000185766466864802,0.00206975216249304,2.10907122659012e-08
WXijSglj,4.30627035840491e-08,8.88202961171439e-08,6.91980907631768e-05,0.000922821442526483,0.00440429388594176
Wc0stQgu,1.71441404682724e-06,7.4162886205742e-05,3.66622431251946e-05,0.272836478419006,0.00235437885794865
WewoSCUB,3.61794845058608e-11,3.13979164668484e-07,5.34448364459172e-06,1.96613003609321e-08,0.0105555167290595
WuHuhHWJ,3.48687728726988e-11,0.00644606110976933,0.271012546786733,7.16732211492026e-06,0.783300993937415
Wv7EBtZb,0.983790825239933,6.27462678454244e-06,0.999999990240333,0.00223004445634221,0.303397234205325
WyPlxDn0,2.27713231475713e-14,0.00184390085751901,0.00161663403801133,7.60234903167365e-06,0.769623302979386
X3WqoSNN,0.999999762511582,0.000106726073222424,0.999999999703913,0.202602644220075,1.23432772990486e-06
XDhyP9KB,8.48638101699611e-11,0.0420111351391053,0.000595998286635817,0.050483192125095,1.64079169146837e-06
XQxhDRMG,7.15218386110279e-14,0.000723446714996759,8.87423624966843e-07,0.000798182609570817,0.655617768242782
XjLNAwxW,0.00432586203690757,1.1765916730648e-06,0.0536216028212759,0.0510334506657709,2.68302388005829e-08
XjfVQbXd,0.99784690378865,0.702755436452428,0.997765960502485,3.88324328502661e-08,0.000574543088146763
Xovczbf6,2.98872813961159e-23,0.00152369300969183,9.50073060883453e-05,6.70352028087698e-09,0.994023131310634
Y8H4onBf,1.01988370696527e-07,3.06452427091323e-09,0.000115376558889229,4.13645422510193e-09,0.0328656599526224
Y8YgzSZ9,0.99996765804305,5.73874482235271e-07,0.999999999999842,0.232245953467908,0.242387824517031
YC4PNV20,1.69746983252585e-05,0.0122566269927161,0.755215392323046,9.135373502466e-09,0.969732155052681
YDHSCRdd,0.999993209894431,3.82803343975868e-05,0.999999999999999,0.998401988756318,0.107578805386666
YIJ87aME,2.02065016907578e-06,1.30245179500081e-05,0.022494602926758,9.56745440516006e-05,0.275208411886084
YKvT4dFv,1.48468117591425e-07,0.000122876402693344,0.00485631009503261,0.0186667927892256,0.0160686417959983
YNebALR2,2.92360777359092e-13,0.0109082734956438,6.44723120813211e-05,4.49406785798643e-05,0.834304418498454
YNrnqFyb,1.51200242926932e-05,0.398066338851536,0.0823744907162269,0.000772761076907665,0.0369519181217409
YUZ4lR3m,1.95741580333404e-08,0.0127377267979507,0.0426264698502052,0.000240205063281327,0.131653430799893
YYLvjoVC,0.00885768840836355,0.00177727650455026,0.163755990642815,0.00314228113262698,0.013361479960918
Yb8OtMb2,0.380799979980248,0.00027275050201407,0.81826234820257,0.187994555150361,2.20609472726447e-06
Ycg4lTYw,2.31263154730535e-05,0.000223957544967149,0.000601316792294297,0.167066173520757,5.61508090443598e-09
Yfk6tekH,0.000808779833132376,0.000394155595394279,0.999866166481981,3.48651558721098e-05,0.00261889725304666
YoSfgmR6,7.41367756878098e-10,0.169264101273755,6.61479283724773e-05,0.000321229290249081,5.04845635981822e-06
YpzFvexy,4.17908984515054e-08,1.2151102323208e-07,0.000264396027580021,0.0474299552120421,0.00986717971726669
Yxqppfa3,0.00245545127486584,0.875916915259666,0.957033727056748,0.00277619506130433,0.000743351860521897
Z16jTUvP,1.52577979168511e-08,2.56923568898318e-05,0.0107894269534755,0.00723563882992817,0.00945563731143335
Z2BdCCbJ,5.66009026394055e-16,0.12768455863953,0.00138062224008099,4.27058411252865e-05,0.977653659516605
Z2JJMM6V,7.8492832973153e-08,0.655608944918128,0.0394215386827556,0.00018443461203681,0.997508341227089
Z5jE1OB5,5.64820321713467e-07,0.00503927894074033,0.350004658849809,0.000775710037180539,0.0533232446644799
ZFsIqYxA,1.77515596353906e-09,0.985270223783366,0.00958683113875224,0.00193952745210932,0.752441545526117
ZHDVsoRh,2.89926175373273e-06,0.000232307413528817,0.00650304666298783,0.0117784847771643,0.0143856160828621
ZSmfu2Fc,9.09710255079945e-10,0.000376146958746508,0.027990404740186,0.00614293414325063,0.724631259363325
ZU8YXF3H,7.01053012472686e-21,0.00272039307889967,0.000517075622602835,7.02711787103569e-08,0.996008944876717
ZXKaNy6Z,1.20021565159441e-11,4.572854703388e-05,3.44845979737176e-05,0.000513445758378767,0.986938417743121
ZbYLo0zK,1.17199258807756e-06,0.000347146060698912,0.0505183858074171,9.95588557588431e-05,0.0459925169080437
ZedN8Gcn,2.84117753687148e-08,1.80001501732843e-05,0.0979101199702344,1.52902508581378e-05,0.00481066911370523
ZgD4Dau6,0.000619833160104984,2.10199265725992e-09,0.39427732404797,0.000242251849520255,1.53154308893206e-05
Zgzf79LA,3.72832953998603e-21,1.3005480421135e-06,7.05879383186029e-05,7.67504632128003e-09,0.453243221085238
ZjqzxDOF,0.0152497053008405,0.011549047319353,0.999955511393279,8.52941717968451e-07,0.212189376878715
ZsZ5aDpq,0.189531320377622,0.99967270059013,0.531024892000831,0.568660062794267,1.52473168338485e-05
ZtyqE7If,0.00573908091959469,5.48051241737118e-10,0.583030145972403,0.000243439419473291,0.000122018572924132
ZvUgz01f,7.97840878773588e-07,0.000270608190190766,0.151978421274507,5.66896694865032e-09,0.999448063345941
ZwrhgdQV,0.8621161489304,0.979525390392783,0.99999862313079,0.326772029448516,0.000589118493804611
a7bhJGBU,0.999952474649502,2.67571907693901e-06,0.999999999998417,0.183391400744969,0.243697227148065
aHpv6KzP,0.999969132031711,2.81983184711639e-07,0.999999999999802,0.762970520263616,0.00195023350483162
aINzEBVN,1.04537605713942e-15,6.87594407544326e-07,6.75815060912354e-05,6.52275751770682e-09,0.241515121973521
aP9EtTGF,0.999998439634032,3.96763367517349e-08,0.999999999811579,1.95936848007466e-09,1.5176810106453e-05
aV6EhtSL,6.96574650994332e-09,0.307890439480527,0.0145411690309212,5.76381596534165e-05,0.0001143541014324
aVZsXKoH,0.999995997591831,1.05480174047378e-05,0.999999994181463,2.31923556672174e-07,9.50803936739611e-05
aYVnVJvc,0.154893047639348,9.25628392173219e-07,0.649078665881547,0.864496347606101,8.30158861343772e-07
abCzN1zx,3.73446876542111e-09,0.000846125038984517,6.61504466121091e-06,0.342496968794368,0.00750001785369882
ae7sMiB4,0.000460556958425269,1.01981033063577e-05,0.0504763573191491,0.00118009054407597,0.0185825910119577
afsVuCGV,5.1040097450383e-09,0.00124078038540716,0.0132321809694497,0.397745134590314,0.364706475033093
aiwBQETI,0.0197673473126589,0.00138910238403388,0.188873142377056,0.027638435719843,3.98218798989002e-06
aiyli4EI,0.999692454391259,0.999992822987111,0.975204531573056,0.000810998329206326,0.000165829949565838
apJ7NmzD,0.999986969575249,0.00124407185966785,0.999999994719754,4.73666328909323e-07,0.000128217767189715
atVjNMtQ,1.47857333153258e-07,1.0273234326369e-11,0.000659270561357629,0.989609191792962,1.48115654784885e-05
b5GirVGV,5.97143273658684e-11,9.2250825773393e-08,0.0028045810588665,4.15307832449446e-08,0.175901038575403
b9SpMjNB,5.41153922389826e-09,0.00132528364605001,0.00318136345422304,0.00106686035908361,0.955941218450668
bAFs37yy,8.28685662812405e-16,0.000341873346817724,0.00794169598830619,1.02408805990473e-07,0.911398009610845
bDia1hHV,0.000137827012604012,3.0723514563259e-08,0.941216243216079,0.00205029172727334,2.02695166317369e-05
bFkv5Mtr,3.18937601848565e-05,0.068099437121346,0.0286962909479928,0.438684172185892,0.175600671213124
bHe2IXgA,7.03786897087381e-06,4.77018787679877e-09,0.0001203207112382,0.952666268518143,4.77642892548326e-05
bWX3vUm5,0.0029747382978623,0.0664309513272365,0.172016585953127,0.385994609991119,0.000172129490308338
bat8tcGs,0.00527044141667795,0.196441708247621,0.334389103409743,0.00272277500157715,4.04735189276253e-08
bfjej4wu,1.06044842704641e-06,1.98587143423138e-08,3.74357866001981e-05,0.20954570729729,7.19230437598639e-09
bh04YDiP,5.76458409017148e-06,0.0873267949334176,0.269911093761845,0.250746431994708,0.00031194305453084
c110Fdc8,1.9407773885552e-08,5.71301376525342e-05,0.00560625241149107,3.42792345038145e-05,0.147212788182839
c32GUzMa,3.5073776430235e-15,0.22221379485481,6.78313118467691e-07,0.0138675489968582,0.998546629719748
cT6uU0B0,4.95954594606461e-17,0.124516435522495,0.000146437276561411,0.000574016353645278,0.781776175538049
cWXCiFwh,4.54975683542163e-11,6.04579131624771e-05,0.000219844680119309,0.000740579772677041,9.14137591596519e-09
ceNvS3yd,1.0313484634351e-08,3.82607341699445e-06,0.000347076995904605,0.0249092126062732,0.202835081280663
cmwdt4Av,0.990095573864652,8.83746943300345e-06,0.999999947733033,0.0106864508893939,0.000681321631781712
cn4EHsup,1.54269725326904e-08,1.46224225418635e-06,5.78935682987203e-05,0.0178439172240363,0.214094116645608
crVOGGTT,9.82236120221788e-09,0.000374634555415027,0.137974443991699,9.92521884295719e-08,0.294434336364812
csPEJ1E5,6.47736491611717e-07,0.0220951279482238,0.0597787357376555,0.0150077203403454,0.155759278558919
d0UrRtMk,1.09783006737423e-16,0.00205431552161715,0.000799259496645345,2.46149134467378e-07,0.984187494551011
d6LU4G4I,1.724558606179e-06,0.472979644245215,0.0072621933828058,0.524815871578546,0.434073438065198
d74T1DVv,9.09050712834407e-05,5.82596068312615e-05,0.00153519978586674,0.960594307644877,1.43541750434621e-05
dR6rM1tQ,0.0531751077264105,1.98494242899266e-05,0.98743771289828,0.0029207537879176,4.27243072635674e-07
dUNxOoqg,2.10456662511273e-09,5.70789646076901e-09,3.41072807501315e-05,0.03505432668452,9.32541178889384e-06
dUnlyhj7,0.15237137079664,0.000186606867411771,0.878823259387914,2.6403561258046e-05,0.0422242478532905
dVDlnZQ6,0.000344149952162749,0.000319866814816464,0.0014936115599611,0.904390772176004,0.0669468285323841
dVT26GDu,7.38067269471682e-10,0.00918352575354962,0.052677554400654,4.30235814999372e-06,0.129795780276674
de43ycXY,0.00023693096003871,6.95644131262945e-07,0.996900349607672,2.40203946017566e-07,0.529408308260395
dfIn7m9z,1.68768179816771e-07,0.000933516535796677,0.0339636135965837,0.00797384518655426,0.000641792142432875
dhmb9ZY9,0.999979910623174,1.85058721370318e-07,0.999999999999957,0.765584349999337,2.02890983968489e-06
dn8kCuyf,1.44008171939749e-07,0.0019487948348153,0.00628778107264646,0.000224177492138516,0.366653232672867
dpcquvWW,2.88949486044809e-09,1.14595213020602e-05,0.0190209551218506,2.5509788189973e-05,0.0155903568947234
dqcbIMyr,4.08099034207501e-14,1.61888083850104e-05,3.66843592917838e-06,0.00333563165660912,0.702695254835752
drWgsBf5,4.03712389459897e-10,0.999924609723486,0.00235327017700889,0.133944085084948,0.00337461839842812
dytx0HSe,9.3636087397028e-23,0.0303129268664071,1.45383973651247e-05,1.30742901887879e-08,0.975234707578312
e4KkkIha,0.999996330918122,0.989268605703648,0.999999952956999,2.87959728334876e-08,1.05545771307625e-05
e9YorH4m,1.87178853446398e-06,5.58077523466906e-06,0.999023397779864,3.0741288993806e-10,0.98117757431487
eB9gVQ0R,6.34322806188796e-05,0.985760440757422,0.999904201791085,1.24640587845648e-07,0.964136871952771
eMhLFqU6,4.67660422192663e-13,0.000316889337198317,1.5482679348881e-05,0.0128180368529231,0.28209702076717
eMllg1qm,0.0547716835836384,1.12338841853233e-05,0.998516107436558,0.00299589229362057,1.10196078066397e-05
eNPunZ9i,1.33128331108738e-10,0.00150337897199613,1.57092894071584e-05,0.763330586509885,0.149245519863926
eS5BSM4J,2.14395251535533e-16,0.0105613623819309,0.00157458368682612,4.72141482823938e-06,0.976874122782587
eVGMFoOI,5.64157967426038e-07,5.42845492998421e-06,0.988082185898111,1.53133484562068e-09,0.974809733072204
eaIwb3rG,6.38273761638692e-09,0.998212380479515,0.99880664619055,1.04402932480343e-05,0.999373405395295
eyzw8Vis,1.29040058930064e-15,0.0195094766653396,0.000648421614928896,1.3819445774852e-05,0.999100517818736
f04Ke2bN,2.1097401361549e-10,0.015453943027191,0.00616756451187919,0.377920450941706,0.0928548909387434
f4GA0te1,9.96549688461461e-09,1.7946072258022e-09,0.000411534598865574,3.67244839477049e-06,0.135981482960065
f7bd91h5,2.34352137136923e-10,0.000241948405543728,0.106176836789237,4.36218836401466e-07,0.933193120874969
fB7z9ndr,2.40848558004163e-13,0.29502082556522,0.0565813477029702,1.17573033847864e-06,0.99942963449719
fEe7AWFA,0.0041885886833717,1.16434974284139e-05,0.998789396250924,2.51382352529887e-06,1.55096384618314e-06
fJJIbgY9,0.98099814537925,0.982789512856076,0.990850740759409,4.98291616203164e-10,0.000275768193942689
fQBURMvg,1.00002190613771e-16,0.331337834406563,0.00774515317009907,4.71171389224029e-05,0.982164924600983
fS0HpOub,3.52049185411046e-13,3.80065996797312e-05,0.00200671134069193,1.68277278947483e-07,0.329921077580402
fTDXauuk,0.000741650529139398,7.23707330495547e-08,0.999884874279207,9.13140365269405e-06,0.00735416634990904
favPNA2N,4.74494900848437e-10,0.686282520297763,2.8640022165963e-05,0.0499391436320311,0.962002270684891
g3Fv0U4k,2.07692125680976e-07,4.56569003917423e-05,8.10390196787196e-05,0.34777445130326,0.0167495683603652
g5PKo2E2,0.993698386505985,0.000327979429552485,0.997531989151414,0.00600202005406275,0.000606086295046921
gbjnD5fe,1.12446061703668e-13,4.19095343696454e-06,0.00178063474752401,3.70188328143654e-06,0.281853360046751
ge9zqXCv,2.78781621652835e-05,0.997051280259096,0.985368275641469,0.0157873297579378,0.000132369026302408
geeqJpSE,1.92483237915865e-16,0.0008738188878816,0.00450647890589418,6.59304931452516e-08,0.936373564276633
gqy1J2RS,0.931496398972336,0.000172585945582353,0.960493850222373,0.203991938405908,4.00927703638187e-07
grlUtS3H,0.00286530485535425,0.108392222304019,0.0355657176874789,0.728270388765783,4.66375207875223e-06
gx965KYj,6.51487862823805e-06,0.322586463942485,0.0738331848432272,0.0314674672395456,0.00073683489498843
h3F08Vjm,8.33157363687718e-11,2.14030056876244e-05,0.0210738203207808,2.38201865460375e-09,0.956299659439705
h6FQG8Iy,1.27472882479608e-11,0.276377666052308,0.997404581271629,1.5649478208968e-07,0.999743241955219
h7ftM8b3,0.99999805329828,0.320642573898252,0.999965964510269,2.08445396571181e-08,1.85279538914915e-06
hLrCHXZv,0.103231217499413,0.00136799860454148,0.338603289826307,0.174380641478795,9.966876372905e-07
hQ6VBuFx,2.13555306589667e-05,0.830044701983227,0.999906514689354,2.64390856531491e-06,0.971049794983309
hYoR2y7w,3.82385830013397e-10,0.000552601748777141,0.0686002954124223,0.000269204385896249,1.90996199917318e-05
hf65yZkM,0.218868342786276,0.999340340415168,0.69993395908112,0.359185728301958,0.000858053187091676
hjuwe1x4,6.45120105920283e-05,0.0199350520391749,0.407247025025763,0.000496191960394186,0.760153450339701
hyINlsFR,1.96226981933117e-07,0.999933091863276,0.00558401214381816,0.000309424754780624,0.994402207143888
i0Qlm9Bv,4.76193004157952e-10,0.342930267646027,0.0697183391437728,2.16355040363002e-05,0.886347002717303
i1VxfxMb,7.11095418638989e-13,0.0392879027154374,0.0111612111221749,1.28574202787583e-05,0.955200315930994
i2l6jXNP,9.58419109604833e-09,0.000845970028587816,0.00214048742548174,0.00301283124194593,0.0866996104300823
i4FgPZv7,6.30870965546107e-12,0.00057999561222651,0.0148180140933415,2.30951096672779e-07,0.993772802696179
i7XtIkSi,3.56935812667426e-05,0.0119394207360851,0.368908407541317,0.00398447265475679,0.00515231033138906
i9z346Ut,1.2517271976569e-06,0.0788152021505115,0.00044662891557115,0.637879942427033,0.000572883927197339
iDOat4cZ,0.999999536571058,0.885864715107704,0.999999592049448,8.47571662025111e-08,0.00011382337897836
iNv6RoSO,9.37105660331326e-10,0.0973114858075755,0.691877812798222,0.168060467291523,0.107068734566074
iSL9NYzy,0.999989257861487,3.28627326526894e-09,0.999999999999998,0.909346648772551,0.0268378886772839
iSqVc1r8,0.00020577124253468,5.47395913133709e-05,0.994776062758291,6.78808203827511e-07,0.351913394770523
iYZMftt6,1.13972409024138e-06,1.02006988819597e-08,0.770118148252631,3.84556626415355e-07,9.43962334973867e-05
ieTPaa3c,4.68262308711186e-10,0.00294191270708338,0.00308449796008331,0.0150942893654834,0.00176998146266648
if7BmzU0,2.84472011263356e-17,1.82148475486417e-05,0.00337468315434711,1.20222968410929e-08,0.873374209471784
ihNz5bmx,1.52330006476124e-07,0.00157802486469175,0.140249903306222,0.124591658218936,0.0521073380275807
ikJXKdIN,6.70379933799402e-11,4.19006291787599e-09,0.000182152653541464,2.54967442929365e-09,0.084167940721126
iq2kxikN,0.000286528618400968,0.0131782494026314,0.0250235796306332,0.0301241534281593,1.40985699541475e-06
iuZEDJK7,1.06691326991503e-15,0.00021126719446066,0.00132344001381693,7.16827283060992e-08,0.906503361600883
iyF8gVT7,1.49559784793249e-12,2.07008762062748e-08,0.578124337850144,2.15976221996661e-07,0.997435422309202
j06qdQ0V,4.74758673217898e-08,2.50518587864629e-05,0.0317324472825878,0.000779367899281213,0.014734985780894
j7hl8svO,7.48269938205654e-07,3.25960664166179e-07,0.013094866088383,0.00135544989541479,0.000234185194514557
j8hMoJUN,3.87535834191291e-20,3.14642961663298e-05,0.00012960781611685,3.44961532395843e-08,0.920891282410188
jNaFasbV,1.45456568257247e-06,4.22527802149671e-05,0.00468351275143803,0.303655252136952,0.00112043600746495
jVVHeYHT,0.000137723671066911,0.029295814689257,0.0560143442421638,4.61567699832245e-06,0.900556554193303
jXm4ySvK,9.43252652116181e-11,0.000286073271598991,0.0156933492471687,0.000105584625987471,0.722052028227938
juO5ii5l,0.00219597298490484,0.0446343969344319,0.255882088357936,4.32110058909504e-06,0.076545260473423
k2hdEBsU,1.04264293572031e-11,6.52755974854014e-05,0.00397620477567228,2.14891856699902e-06,0.972212058501743
k3ynMfhN,0.361240939077517,0.629772138387245,0.989448897826482,0.00169895677457278,0.857348778837836
k9C9yBtr,0.0552434531420214,0.0426361191314414,0.46220849687796,0.632173494772629,3.32469507814117e-05
kAKRvcRo,2.44968710654956e-05,9.86085813413663e-05,0.000925598081393646,0.506136324019791,0.000168038501699082
kBi3R2oC,0.00017114389808803,2.75405385191302e-09,0.516474447163189,0.00124641405305316,0.00597824685492673
kDWmnsXe,0.000390819936213367,0.174592064603757,0.9958445978542,0.000744306214940363,0.0271215061111356
kSGBd2Vh,1.61004216551607e-14,1.78123090152949e-06,0.012970741151393,2.552230922428e-08,0.788115288724867
kT0miHPT,3.84181912458919e-11,1.71989553321913e-06,0.00134539390493553,4.92968052107326e-07,0.0230125286612611
kaW0TfRn,3.06529251617304e-10,0.000130765574523956,0.00260193879629378,2.2300683010677e-05,0.0417049734066531
kmg3SowO,1.0386736007989e-07,9.68311843911785e-05,9.71794863726472e-05,0.690509496393862,0.113790905993042
kpxKSlnF,0.9999819098895,0.00672717061044904,1,0.917765455622919,0.0628568855981135
ku2cn1MV,0.109478510581542,0.0434239466937236,0.99999995158738,6.36333612039058e-05,0.01235212625045
l1su5HU9,2.77677550759814e-07,0.0117395655159941,0.163272534702476,0.000158130600295453,0.210788942312731
l8Tg2RvD,0.000122641630639242,0.321678970192617,0.60162059908919,1.13276285546405e-06,0.88764255632066
lB6NsVOc,1.39760674848619e-10,3.53278969117573e-08,0.00105189045504503,3.80695800814527e-10,0.986869887589288
lEcdVyKk,2.08542649012824e-16,0.0118525329579183,0.00408784458257022,5.11859106838572e-06,0.810919686688181
lH4TasGl,0.0028365526596127,1.78936118374299e-06,0.875795075262345,6.09543436086641e-07,0.0206452921033506
lO9aggHW,0.000359514168007916,0.998287710643586,0.246349634344634,0.349536674111485,0.711877420517175
lW3m9Vzu,1.586321599485e-12,0.0113170219787243,0.0128054196155779,0.00383035694383921,0.738531741514843
lYLseGDP,3.5711208988074e-05,2.93033440863123e-07,0.99826878875533,0.000260744976345984,0.299004625412741
lcOnCdZi,0.0016281762322018,0.00125499277943683,0.904188572260682,1.2226128293623e-06,0.0418743687216122
le9YGwON,0.000114696198969151,0.106710930069196,0.909946365973431,0.00291805300005049,0.0183093855272394
llMvu3TX,0.999999336582235,4.64217096106881e-07,0.999999999987814,2.77252708342815e-07,0.000669220889729234
lnHh2jFO,5.1044332222341e-05,1.42580345457612e-06,0.998704667516945,7.81637136217768e-09,0.555028052349879
m07CVXd4,8.86718904947002e-14,0.0154954300040584,0.205651078439606,1.50466462068362e-10,0.99976351047885
m1lPk91z,6.15726764026253e-08,0.223596683461332,0.587227181622657,1.26966931373844e-06,0.942418386577647
m9IQdmwa,5.96082226919645e-12,2.71085105394331e-05,0.00202293875148736,1.70591278593583e-07,0.696300320595544
mG9BRy5x,1.12643442787894e-06,0.899858078453583,0.0488760287982216,0.00168913657975303,0.447313431150452
mVHXnama,2.61671997563265e-13,1.96028024253435e-05,0.0004535220688551,2.00428718919087e-08,0.0173994479877802
mXyrR6nU,1.48484017427612e-08,0.0021280403774807,0.000308914381840423,0.00016349964524241,0.945954588387554
mbzNdxNc,3.36104828868693e-05,9.50135691999812e-07,0.0252892198326634,0.173904625194368,0.0208926366782543
mntH7g3L,8.53733742112783e-05,1.91804461709389e-05,0.99409000033743,2.43945746048001e-07,0.643292404462386
msRTXP3H,4.95860614946948e-06,0.00802390292562849,0.0348071369119191,0.00432844800716653,0.101541235621478
mxBjvIPR,8.29895556527668e-11,9.24566790286166e-07,0.00224960543008868,3.52042919787111e-06,0.0222909294187368
n8Opmfbz,0.996985263059923,0.99403761348486,0.999999999999998,0.00473715689022878,0.000284185559202436
nOkgU29Q,6.84136893457417e-07,3.1649844120941e-06,0.000419068103441292,0.292905236730934,9.24579998332341e-05
nhttf7VM,0.0452642725274846,0.115824601524047,0.30045590523389,0.0210570831003437,0.965630661778211
njLbXYa3,6.73300404863156e-08,0.00015504170520731,0.0391504007204824,4.68246751411071e-05,6.8575892169946e-05
nwkIpzmh,0.497483453869162,0.845995806318272,0.99996207520972,0.00374312254483268,0.404474110175252
nzB1R9Zg,6.19280334541302e-05,1.3101366232883e-05,0.999672274017695,1.45106273084472e-08,0.541727732882999
o1rZRI84,6.40742531143095e-19,0.585631054152581,0.0182217225969254,3.81788008660962e-05,0.0189412780122083
o7q5Mbty,0.00406705156478757,4.20021725049881e-07,0.99724942257448,5.21138575064225e-05,0.00012206845016508
oCBvysqB,7.30928644414506e-11,4.98560339484131e-05,9.08863096672502e-05,0.000140199367385544,6.96910568412427e-09
oDmycTPH,1.98262092510278e-09,4.65036465148364e-08,0.00151532286794892,3.06728998137871e-10,0.13023290808656
oFAXZvQv,1.34940839303931e-07,0.00573524410735575,0.00135784724905782,0.0459438708398793,0.000538613074873188
oHE3M1zX,7.94861870835004e-05,0.018436040775756,0.000983386445488971,0.959093163801623,0.00147452182675233
oMhVmSpV,6.15442836520567e-12,5.27926451933916e-10,0.0188523463678966,0.106655953350595,1.04898116335162e-05
oNsDqVbi,0.610981642691907,0.900311459748254,0.993374314294491,2.14997042813208e-10,0.0023179946182526
oYAJqQk8,2.28063766502847e-12,6.60072037922248e-08,0.0128977899263702,2.76847882935453e-11,0.00652343906785964
ob5Kb6dW,2.92176111548914e-19,0.0501777570687593,0.000181177915306886,1.1177866937554e-06,0.869702804390562
obnzqs79,5.9868794506501e-09,1.14751280268151e-06,0.000126441587209238,9.99518038838724e-09,0.00329399758241497
oncLcgRP,2.54908471920692e-06,0.00375675934545319,0.0278324453911839,0.0670342036972735,0.00416492331609064
ooWVYaAe,0.000353333166667084,1.08757661102174e-05,0.000980854234654881,0.981431293235196,0.000331243702188377
osdyOUnV,1.74610940031145e-12,0.022597901416258,1.06392865353645e-05,0.546125372131246,0.862623891844471
p7H9CzCv,4.56779622138325e-08,7.53893831222661e-06,0.000154690074861946,0.676540179410845,0.000965189284520599
p7U9hVhY,2.31310987705039e-13,0.329447604621085,0.00492929358372745,0.000150992193931296,0.535005328106521
pE6Cf1RV,6.85812857670848e-11,2.56633788625123e-05,0.0348458569057451,5.21833551631784e-06,0.996357500948613
pI7qzotI,0.00408657064630645,0.0655244181628475,0.907997455393929,0.142455806761668,0.000103678087898844
pJrIA4sk,8.02439233192868e-09,1.12348552878227e-05,0.0412075006653833,7.34507885426681e-06,0.000786291483953985
pXne2CLZ,6.18819639153715e-08,2.13061211256691e-09,0.655106242128562,0.547625673954336,5.66795710643646e-09
pZMcDIOS,7.12686156543649e-14,7.04883868518628e-06,0.00820326718142521,3.63161952901639e-07,0.598536684317572
pavfp3cc,0.0382982960252397,0.180900759349492,0.647732917605073,0.0121029578364425,4.159544250384e-05
pbQdC5L3,4.3095302330694e-09,1.2514590657412e-05,0.0313966723122125,1.88534378787046e-06,0.879367238565752
pgj7aAFP,1.75623248952614e-10,0.00214867555313364,0.0162000093911707,0.00217428560924833,0.0335269685117617
pxg8G3ed,7.34028512965358e-08,0.994526331596779,0.00375895414272963,5.74986299100175e-07,0.997216829572431
q36Npk6l,3.13366254307457e-11,3.07610940817116e-09,1.46929282811135e-06,3.35682532143137e-10,0.203340256077669
q4aDOVvq,0.931405584438549,0.0425599904475307,0.980520687410712,0.714983873501819,2.77362425017995e-06
qGmfR9CN,6.25341087782055e-08,9.5818041034772e-05,6.03820948056375e-05,0.611429892634009,4.31810324022526e-05
qJ51ODpA,1.56931274645606e-07,0.00344534404129598,7.91596380486955e-05,0.872125211376367,0.202209186940482
qQX3cs3I,0.000562213610063486,0.00798226971534682,0.166988254495095,5.85303157505506e-06,0.816216962907735
qXeIxPb8,5.42864567548594e-16,0.0266471004700166,0.00135647440987201,3.08225311138704e-05,0.915104380172235
qYQ4MShM,0.00105989881217721,3.00808514632488e-06,0.175416664579325,0.593980889905949,2.23416512362234e-05
qa0etnhK,0.026390032654971,2.6292744240561e-05,0.255509232487596,0.00258855855478532,0.000256948469804688
qbL4sboq,0.000114243711431084,0.000407288303007965,0.00360285358812063,9.71780508770495e-05,0.976089916276207
qbYrsWHq,0.120328131237418,0.498433911345019,0.999999990691358,0.000453425463694782,0.0386000847449685
r1zmcUqQ,0.588800280033402,0.0675395268096566,0.913005258286196,0.00377847264340385,0.000562969357820061
r54iHeQC,5.61260746243089e-15,0.00156238250873574,0.00597031148198529,1.05630786853595e-06,0.863236404598212
r6xrAnQV,0.999797328471197,0.0474675959527483,1,0.0056909748309254,0.0560752641248706
r9HxnQDg,0.00044878345352139,0.812666679434083,0.244437129134737,0.00662766484745552,0.898985832893034
rG8Puuf9,0.316084383865811,6.32967363035451e-05,0.995039678689752,0.0701767376274655,0.00270064015623432
rGuiefuR,4.7065952366947e-06,0.0114873738628387,0.0166261902685751,0.0860986680392375,0.00060818917388661
rJ19OhGP,1.53924780661224e-20,0.00920242343365668,0.000424643387701855,9.70787575056791e-07,0.974861793940332
rOCYepHd,0.0826504485197253,0.082476389124377,0.81443012660155,8.00950600778381e-05,0.722722198025172
rQJaOPFI,0.00231510695254374,0.2195062509267,0.999761281077466,0.00562881448727872,0.100019460607073
rQhZtZeh,5.26755703228882e-07,0.00586058153463209,0.230537427744297,3.7067474212946e-06,0.998050338958776
rapmok0w,5.79789635229123e-09,1.3323577564934e-07,9.62011632618695e-06,0.0690331922176121,0.0411652362359216
rgzfnPVu,7.45502263561164e-05,0.00388634729547066,0.451437697727911,6.35640277978994e-07,0.160102011024259
ri4qhb1S,1.95051858172617e-11,0.00232783289782544,0.00160958203699874,8.5998081014815e-05,0.878962622335767
rqpFYzff,6.2931624441705e-07,0.301115612640646,0.106655853494499,9.37805910023506e-05,0.238946056869556
rrs22coX,1.70184485482509e-11,0.00760541873015444,0.0939533878690835,1.34877526094178e-06,0.984280867990347
sEeUCQLc,9.96944481102465e-16,0.00624401322725999,0.000407256384455907,0.000145869507605771,0.173012711095756
sHScwqQl,5.11604065085079e-17,0.00222068846700161,0.0272308715379635,1.83582007234644e-07,0.999751258174737
sNC7DiAt,3.75503516482591e-06,0.000124213540442005,0.783084863408274,4.82558974446529e-09,0.973799914323204
sNK2TSs3,2.64643372399193e-13,0.0193817501297515,0.042244002712982,1.22225410228971e-07,0.986628336010067
sO7Su6uw,1.66466430134377e-13,4.2552509279273e-05,7.77357265118213e-07,0.0110656855489973,0.207752647201614
sOWZx89o,2.47350723800418e-19,0.000391738355394367,3.77950023669348e-05,8.35982604093103e-07,0.963482092585979
sPbRcPjC,0.0484157407424906,0.000234662377778801,0.962555242629806,0.0524509639332583,1.93112073736203e-05
scVUfTKI,0.678938472548205,0.565748520716132,0.988821860697818,0.991099374129916,7.70634586527125e-05
seRaGeVv,2.93182230249634e-06,0.191943091097614,0.00404734038707779,0.000260028170180713,0.847398309320925
sgtwiYWi,2.59012939405452e-08,6.13290826426755e-08,5.54559215269848e-05,0.0243143080948163,0.0975109252778522
sjmLHcT6,2.55426589193829e-05,2.14163734898691e-07,0.000587997507615934,3.82767036104789e-07,0.0128940967124163
skZUZZGS,7.65838659316099e-07,1.6457017789911e-06,0.258847599433048,7.49239883141214e-07,0.79429698242721
suAmzADX,4.38786280186028e-07,0.00347414276477011,0.00788682746005392,0.996921065718132,1.97445085612854e-09
t4GWLqlO,0.17848540456778,2.89493794017792e-06,0.989189211358782,0.00227158018420884,0.000127012051918169
t7gy6Jyy,0.74964523964254,3.78684764674714e-05,0.997926382716645,2.18852859292354e-07,0.0371050184392456
tBadzH60,0.999979837877332,0.000191342973243889,0.999999999801898,1.02385848804388e-07,0.000254748654438232
tXUWm0hp,0.00337047609540786,0.0120260046966656,0.0605618147768595,0.929638467254956,5.55414851462457e-06
te6UPPxf,4.29392483859144e-10,0.000158426401195646,0.000691482140815393,0.00195735837637532,2.40758581238542e-09
ti2lamkL,0.217940134726333,0.330456891810967,0.828114984088904,0.00232889864177542,0.771197724797443
tr0lpwuU,1.5664037764587e-05,8.69994567880549e-05,0.0533219263198682,0.998469464054023,2.63322014060329e-10
ttdB5C73,4.40753207436227e-05,0.0506979133157046,0.00954717025177703,0.00193416496803222,0.817277043286791
twS8YZu9,9.29680919904295e-15,0.00563265732323776,0.00134429498854033,2.02431500041887e-05,0.135716642709477
tx68W34H,3.22281418902117e-06,0.00165277155749001,0.00742286061332107,0.928421818130368,0.000523063603693946
tyQSX4mY,0.000118588403433512,0.00199510189536352,0.348061494870682,4.21488670155317e-07,0.00537737305825076
tylKCRc0,8.33575564017225e-11,0.000125815901638425,0.00900611373099809,1.67364602754342e-05,0.0496865199880811
u1544WUo,1.07162710067103e-13,0.000426855559282734,0.000121170099766652,8.07294752304243e-05,0.827745796446703
uAw9an0d,0.0145426369777519,5.68709143445528e-07,0.296160071099637,0.00180850190429163,0.00090033709132836
uLZAEXMG,0.99999605401183,0.000181445631154911,0.999999915341542,6.49778871058671e-09,4.83991039278852e-06
uMwe1s7I,3.48720186162916e-07,3.03380971588529e-08,0.00883354931217288,0.402217759724371,7.18459437146051e-10
ufhGeV3q,1.32262481834211e-08,1.05873361896594e-06,0.291520115921465,2.01869739074977e-06,0.895891898345581
uhAeGBHo,1.59405572281983e-08,5.51930026426385e-08,7.17097708224948e-05,0.422654817444688,0.000858806151567617
ujHNlqpw,0.998526320341219,0.943294619313602,0.764606372687558,3.19751510420181e-07,3.37094368038597e-05
ulV6kuhB,5.92092517543679e-13,0.00148194876976459,0.0575904219713845,3.63685569607018e-06,0.872024419566376
uohEnNEK,4.95400056516833e-06,0.00497408393969648,0.000457415319768917,0.87959272617276,0.00182746407664198
v1lhA8I4,1.13765565293491e-12,7.46378293210934e-05,0.658276985487499,4.82387178958317e-12,0.999393050917677
v3JzigLI,3.9201756885106e-10,1.6006396931012e-09,5.05724902972688e-05,1.00875523986079e-10,0.0260285315349779
v5IwjyIg,2.03577507086044e-13,0.918198930003696,0.00519226063587256,0.000711033915536174,7.39471887466955e-05
v6lp5TK1,3.25268154017376e-08,0.0108403343279438,0.218465363649801,6.07512880463253e-07,0.980965503683344
v8vOaaWq,3.60440578517582e-09,0.00120462813031362,0.000271224610749448,0.381639627184631,0.0702167842813113
vAYKtoil,5.4035887546281e-13,0.00144881460346862,0.00115783823602563,0.00095439402026584,0.0299320924071241
vGTNQa6G,0.999994128108715,3.26468492124001e-06,1,0.969395610850855,0.105123218247536
vQzNxHoL,2.67850988250806e-13,5.87749945540424e-08,3.66967733938455e-05,0.00172817795502765,2.61294181517202e-09
vfZGBUJm,1.89525860581273e-05,0.00170126831122022,0.0749066782531137,0.00227985381955133,0.000405992902077335
vlooVUoT,2.77598733376309e-06,0.0263214409648404,0.000780054650904213,0.967795016497842,0.00016426390677997
vrACvd4O,5.68312273760481e-07,7.51964525028471e-05,0.191483518939443,0.000212304394391404,0.000166408180295354
w8hdjLwb,1.06976645668268e-05,0.00437572389958654,0.0186953305556307,6.16029782138348e-05,0.898565026716037
wAntv4gH,0.000404283660786226,0.000443801428066029,0.999997949992177,2.37052095868004e-07,0.668857130430776
wIUL09q0,5.7777778695087e-10,2.63600920858505e-07,3.90747413235411e-06,9.3066046017805e-09,0.011688790554671
wOzx7Fgz,2.24071417105171e-09,9.90055276328018e-07,0.01534043745971,2.28547840803605e-06,0.00287256349311415
wPhjhCJQ,3.4684175223282e-20,0.0356889586187672,0.000585703697991974,5.85453498377168e-07,0.961790136416548
wQSWWmYB,2.30384850919174e-08,0.000269258473388549,0.000839972382120059,0.000143703953915219,0.612923249180852
wdIMrXwy,0.999989265835447,0.000847197191545242,0.999999999231076,1.35875864723897e-07,0.000404433955978862
wiL9npQc,3.13526271021174e-15,1.08143575987142e-05,0.00034977387275465,1.41412976349243e-06,0.73710187173003
wnU95Cxn,0.999999580749077,0.99618235726446,0.999999993605998,4.23827366468689e-09,2.77135343717101e-06
wpJbbjJs,0.0233440779529254,0.0148240644925848,0.142763098766366,0.00427623839008341,0.780494507480405
wsOWTAbI,0.964851397226639,0.978215780665079,0.999999967868377,0.324086133403778,0.00080042735073989
wtdBcU3U,2.19448504151182e-09,1.3976410164005e-06,0.000839214176041708,5.50014504786635e-09,0.00719621772390832
wuKXVxOc,6.48998254908702e-15,5.14069676418008e-07,4.06667315113149e-07,1.58970444179118e-05,0.517946311964681
wyzadAt8,2.05996158881364e-20,0.151889799499564,0.00731753369202067,9.73986767507528e-07,0.781137514050218
wzaKzYwi,9.12267225600558e-05,4.54880250663755e-14,0.934581245571818,7.69347579226688e-09,0.961257308139514
x6GCk4EV,1.0933014280087e-12,0.000470286907674113,0.00233040614716573,7.77546249517064e-07,0.904723456435041
x6lUi3vf,0.110218347423055,0.983584633524067,0.659499931744916,0.382236504750475,8.49979170812049e-08
x8mwDHv9,3.58166770742839e-09,1.88750659183036e-05,0.0126958903642292,4.36561965869621e-05,0.0129472411271203
xIYm6puH,0.331289024083101,0.000610005756766606,0.0295252715314866,0.795921778891247,3.08025396775288e-09
xO6UdpsK,0.00665735432019652,1.14722034458478e-10,0.935206729794287,0.0848008750370113,1.45560825632857e-08
xQ2bkOvj,1.76466466138017e-08,6.84099988559926e-09,0.173491223121632,0.0313083174115454,3.20833780939283e-06
xeXyDCEQ,0.999972310769603,1.67210802004574e-08,0.999999999999373,0.832439851590669,0.00167992803953688
xrggHziO,0.000478080372834551,0.0164091677130867,0.104396150989382,0.00010431298468793,0.218934594475671
y1WMCmqQ,9.63432842144996e-13,0.00676190192481095,0.0017309061564208,0.000136260037693956,0.825194876784487
yDngezhM,1.08938229812607e-12,6.63013899337352e-05,0.000312571629540933,4.86834176939603e-10,0.140204870112357
yLiFjMD0,9.4936858497303e-10,2.69389535742654e-05,0.0560166158200817,6.13294392390323e-09,0.330772811341773
ySwEBO7w,2.13756962876825e-08,0.00579159717966514,0.000894623748686521,0.0235080246312272,3.53626021547011e-07
ydC9UsSm,2.10037306557695e-09,0.00321919318037945,8.9769100712681e-06,0.954695676926589,0.354054332067141
ydEG4VBd,1.44968752692908e-08,0.0197051244243301,0.000293134466408184,0.00323651083433777,0.973939657503274
yf76yWXc,0.000952115432539583,0.251341569865864,0.917643140292459,4.1561673031075e-07,0.0876039804997398
yg70e63n,1.54244243212987e-05,8.98634515744129e-07,0.0241604310589005,0.00339555389876372,0.0200943059099603
ywxtlSKv,9.17570055665338e-21,3.88713088704976e-06,0.000550638001998908,0.000194505450391844,0.98926209394184
yzKPQPOR,6.35803043947267e-08,1.09351343776918e-08,0.0108386037925417,0.0398343990879976,9.48001397225091e-11
z5cnOnZ1,4.07058345864947e-09,8.74175695953225e-06,0.0111613081363044,2.18771675748064e-05,0.000459656050531594
zFLkOE0e,0.778808184414868,0.000349047796980902,0.709855314955414,0.928681645073606,3.52399329199108e-05
zGi72mxL,8.40531795350014e-06,1.34014534698501e-06,0.667066117541045,1.82013317123664e-05,7.05306596012852e-05
zN925UV3,3.52969457271719e-06,5.78330392268435e-08,3.94367530510099e-05,0.656463458528487,8.86010744061421e-08
zTy2ih7e,2.0812873287088e-16,2.97681127247879e-05,1.39971613947956e-06,1.58594201329323e-06,0.949656740300142
zVFzAutw,7.22561418707131e-09,0.0129855435908813,0.0447589319072664,2.45843017590234e-05,0.318023753272279
zYxNAkht,6.62032052067117e-09,2.30711699941758e-07,2.05719548064735e-05,5.6892787480239e-08,0.0275077020950443
zaWDBai3,3.47661983273394e-12,0.342052099711658,0.00354379907354208,3.28104868671326e-05,0.99907204358977
zg3u0Zsx,4.77686615544773e-05,0.00119327513231774,0.556912056344913,0.00372185299158462,0.0137801342737733
zlwLfdsS,8.04510339628921e-08,3.49553323022766e-06,0.0355830977799562,0.895513023593417,1.88356848433478e-08
zmbKzVfl,2.21336092010608e-11,2.3380256223615e-05,6.6926514604516e-06,0.0463060707574356,0.053329244199724
